Username,Password,Customer,Profile,Comment 
UserCsv01,PswdCsv+AF8-01,admin,Standard,2024
UserCsv02,PswdCsv+AF8-02,admin,Standard,2024
UserCsv03,PswdCsv+AF8-03,admin,Standard,2024
UserCsv04,PswdCsv+AF8-04,admin,Standard,2024
UserCsv05,PswdCsv+AF8-05,admin,Standard,2024
UserCsv06,PswdCsv+AF8-06,admin,Standard,2024
UserCsv07,PswdCsv+AF8-07,admin,Standard,2024
UserCsv08,PswdCsv+AF8-08,admin,Standard,2024
UserCsv09,PswdCsv+AF8-09,admin,Standard,2024
UserCsv10,PswdCsv+AF8-10,admin,Standard,2024
UserCsv11,PswdCsv+AF8-11,admin,Standard,2024
UserCsv12,PswdCsv+AF8-12,admin,Standard,2024
UserCsv13,PswdCsv+AF8-13,admin,Standard,2024
UserCsv14,PswdCsv+AF8-14,admin,Standard,2024
UserCsv15,PswdCsv+AF8-15,admin,Standard,2024
UserCsv16,PswdCsv+AF8-16,admin,Standard,2024
UserCsv17,PswdCsv+AF8-17,admin,Standard,2024
UserCsv18,PswdCsv+AF8-18,admin,Standard,2024
UserCsv19,PswdCsv+AF8-19,admin,Standard,2024
UserCsv20,PswdCsv+AF8-20,admin,Standard,2024
UserCsv21,PswdCsv+AF8-21,admin,Standard,2024
UserCsv22,PswdCsv+AF8-22,admin,Standard,2024
UserCsv23,PswdCsv+AF8-23,admin,Standard,2024
UserCsv24,PswdCsv+AF8-24,admin,Standard,2024
UserCsv25,PswdCsv+AF8-25,admin,Standard,2024
UserCsv26,PswdCsv+AF8-26,admin,Standard,2024
UserCsv27,PswdCsv+AF8-27,admin,Standard,2024
UserCsv28,PswdCsv+AF8-28,admin,Standard,2024
UserCsv29,PswdCsv+AF8-29,admin,Standard,2024
UserCsv30,PswdCsv+AF8-30,admin,Standard,2024
UserCsv31,PswdCsv+AF8-31,admin,Standard,2024
UserCsv32,PswdCsv+AF8-32,admin,Standard,2024
UserCsv33,PswdCsv+AF8-33,admin,Standard,2024
UserCsv34,PswdCsv+AF8-34,admin,Standard,2024
UserCsv35,PswdCsv+AF8-35,admin,Standard,2024
UserCsv36,PswdCsv+AF8-36,admin,Standard,2024
UserCsv37,PswdCsv+AF8-37,admin,Standard,2024
UserCsv38,PswdCsv+AF8-38,admin,Standard,2024
UserCsv39,PswdCsv+AF8-39,admin,Standard,2024
UserCsv40,PswdCsv+AF8-40,admin,Standard,2024
UserCsv41,PswdCsv+AF8-41,admin,Standard,2024
UserCsv42,PswdCsv+AF8-42,admin,Standard,2024
UserCsv43,PswdCsv+AF8-43,admin,Standard,2024
UserCsv44,PswdCsv+AF8-44,admin,Standard,2024
UserCsv45,PswdCsv+AF8-45,admin,Standard,2024
UserCsv46,PswdCsv+AF8-46,admin,Standard,2024
UserCsv47,PswdCsv+AF8-47,admin,Standard,2024
UserCsv48,PswdCsv+AF8-48,admin,Standard,2024
UserCsv49,PswdCsv+AF8-49,admin,Standard,2024
UserCsv50,PswdCsv+AF8-50,admin,Standard,2024
UserCsv51,PswdCsv+AF8-51,admin,Standard,2024
UserCsv52,PswdCsv+AF8-52,admin,Standard,2024
UserCsv53,PswdCsv+AF8-53,admin,Standard,2024
UserCsv54,PswdCsv+AF8-54,admin,Standard,2024
UserCsv55,PswdCsv+AF8-55,admin,Standard,2024
UserCsv56,PswdCsv+AF8-56,admin,Standard,2024
UserCsv57,PswdCsv+AF8-57,admin,Standard,2024
UserCsv58,PswdCsv+AF8-58,admin,Standard,2024
UserCsv59,PswdCsv+AF8-59,admin,Standard,2024
UserCsv60,PswdCsv+AF8-60,admin,Standard,2024
UserCsv61,PswdCsv+AF8-61,admin,Standard,2024
UserCsv62,PswdCsv+AF8-62,admin,Standard,2024
UserCsv63,PswdCsv+AF8-63,admin,Standard,2024
UserCsv64,PswdCsv+AF8-64,admin,Standard,2024
UserCsv65,PswdCsv+AF8-65,admin,Standard,2024
UserCsv66,PswdCsv+AF8-66,admin,Standard,2024
UserCsv67,PswdCsv+AF8-67,admin,Standard,2024
UserCsv68,PswdCsv+AF8-68,admin,Standard,2024
UserCsv69,PswdCsv+AF8-69,admin,Standard,2024
UserCsv70,PswdCsv+AF8-70,admin,Standard,2024
UserCsv71,PswdCsv+AF8-71,admin,Standard,2024
UserCsv72,PswdCsv+AF8-72,admin,Standard,2024
UserCsv73,PswdCsv+AF8-73,admin,Standard,2024
UserCsv74,PswdCsv+AF8-74,admin,Standard,2024
UserCsv75,PswdCsv+AF8-75,admin,Standard,2024
UserCsv76,PswdCsv+AF8-76,admin,Standard,2024
UserCsv77,PswdCsv+AF8-77,admin,Standard,2024
UserCsv78,PswdCsv+AF8-78,admin,Standard,2024
UserCsv79,PswdCsv+AF8-79,admin,Standard,2024
UserCsv80,PswdCsv+AF8-80,admin,Standard,2024
UserCsv81,PswdCsv+AF8-81,admin,Standard,2024
UserCsv82,PswdCsv+AF8-82,admin,Standard,2024
UserCsv83,PswdCsv+AF8-83,admin,Standard,2024
UserCsv84,PswdCsv+AF8-84,admin,Standard,2024
UserCsv85,PswdCsv+AF8-85,admin,Standard,2024
UserCsv86,PswdCsv+AF8-86,admin,Standard,2024
UserCsv87,PswdCsv+AF8-87,admin,Standard,2024
UserCsv88,PswdCsv+AF8-88,admin,Standard,2024
UserCsv89,PswdCsv+AF8-89,admin,Standard,2024
UserCsv90,PswdCsv+AF8-90,admin,Standard,2024
UserCsv91,PswdCsv+AF8-91,admin,Standard,2024
UserCsv92,PswdCsv+AF8-92,admin,Standard,2024
UserCsv93,PswdCsv+AF8-93,admin,Standard,2024
UserCsv94,PswdCsv+AF8-94,admin,Standard,2024
UserCsv95,PswdCsv+AF8-95,admin,Standard,2024
UserCsv96,PswdCsv+AF8-96,admin,Standard,2024
UserCsv97,PswdCsv+AF8-97,admin,Standard,2024
UserCsv98,PswdCsv+AF8-98,admin,Standard,2024
UserCsv99,PswdCsv+AF8-99,admin,Standard,2024
UserCsv100,PswdCsv+AF8-100,admin,Standard,2024
UserCsv101,PswdCsv+AF8-101,admin,Standard,2024
UserCsv102,PswdCsv+AF8-102,admin,Standard,2024
UserCsv103,PswdCsv+AF8-103,admin,Standard,2024
UserCsv104,PswdCsv+AF8-104,admin,Standard,2024
UserCsv105,PswdCsv+AF8-105,admin,Standard,2024
UserCsv106,PswdCsv+AF8-106,admin,Standard,2024
UserCsv107,PswdCsv+AF8-107,admin,Standard,2024
UserCsv108,PswdCsv+AF8-108,admin,Standard,2024
UserCsv109,PswdCsv+AF8-109,admin,Standard,2024
UserCsv110,PswdCsv+AF8-110,admin,Standard,2024
UserCsv111,PswdCsv+AF8-111,admin,Standard,2024
UserCsv112,PswdCsv+AF8-112,admin,Standard,2024
UserCsv113,PswdCsv+AF8-113,admin,Standard,2024
UserCsv114,PswdCsv+AF8-114,admin,Standard,2024
UserCsv115,PswdCsv+AF8-115,admin,Standard,2024
UserCsv116,PswdCsv+AF8-116,admin,Standard,2024
UserCsv117,PswdCsv+AF8-117,admin,Standard,2024
UserCsv118,PswdCsv+AF8-118,admin,Standard,2024
UserCsv119,PswdCsv+AF8-119,admin,Standard,2024
UserCsv120,PswdCsv+AF8-120,admin,Standard,2024
UserCsv121,PswdCsv+AF8-121,admin,Standard,2024
UserCsv122,PswdCsv+AF8-122,admin,Standard,2024
UserCsv123,PswdCsv+AF8-123,admin,Standard,2024
UserCsv124,PswdCsv+AF8-124,admin,Standard,2024
UserCsv125,PswdCsv+AF8-125,admin,Standard,2024
UserCsv126,PswdCsv+AF8-126,admin,Standard,2024
UserCsv127,PswdCsv+AF8-127,admin,Standard,2024
UserCsv128,PswdCsv+AF8-128,admin,Standard,2024
UserCsv129,PswdCsv+AF8-129,admin,Standard,2024
UserCsv130,PswdCsv+AF8-130,admin,Standard,2024
UserCsv131,PswdCsv+AF8-131,admin,Standard,2024
UserCsv132,PswdCsv+AF8-132,admin,Standard,2024
UserCsv133,PswdCsv+AF8-133,admin,Standard,2024
UserCsv134,PswdCsv+AF8-134,admin,Standard,2024
UserCsv135,PswdCsv+AF8-135,admin,Standard,2024
UserCsv136,PswdCsv+AF8-136,admin,Standard,2024
UserCsv137,PswdCsv+AF8-137,admin,Standard,2024
UserCsv138,PswdCsv+AF8-138,admin,Standard,2024
UserCsv139,PswdCsv+AF8-139,admin,Standard,2024
UserCsv140,PswdCsv+AF8-140,admin,Standard,2024
UserCsv141,PswdCsv+AF8-141,admin,Standard,2024
UserCsv142,PswdCsv+AF8-142,admin,Standard,2024
UserCsv143,PswdCsv+AF8-143,admin,Standard,2024
UserCsv144,PswdCsv+AF8-144,admin,Standard,2024
UserCsv145,PswdCsv+AF8-145,admin,Standard,2024
UserCsv146,PswdCsv+AF8-146,admin,Standard,2024
UserCsv147,PswdCsv+AF8-147,admin,Standard,2024
UserCsv148,PswdCsv+AF8-148,admin,Standard,2024
UserCsv149,PswdCsv+AF8-149,admin,Standard,2024
UserCsv150,PswdCsv+AF8-150,admin,Standard,2024
UserCsv151,PswdCsv+AF8-151,admin,Standard,2024
UserCsv152,PswdCsv+AF8-152,admin,Standard,2024
UserCsv153,PswdCsv+AF8-153,admin,Standard,2024
UserCsv154,PswdCsv+AF8-154,admin,Standard,2024
UserCsv155,PswdCsv+AF8-155,admin,Standard,2024
UserCsv156,PswdCsv+AF8-156,admin,Standard,2024
UserCsv157,PswdCsv+AF8-157,admin,Standard,2024
UserCsv158,PswdCsv+AF8-158,admin,Standard,2024
UserCsv159,PswdCsv+AF8-159,admin,Standard,2024
UserCsv160,PswdCsv+AF8-160,admin,Standard,2024
UserCsv161,PswdCsv+AF8-161,admin,Standard,2024
UserCsv162,PswdCsv+AF8-162,admin,Standard,2024
UserCsv163,PswdCsv+AF8-163,admin,Standard,2024
UserCsv164,PswdCsv+AF8-164,admin,Standard,2024
UserCsv165,PswdCsv+AF8-165,admin,Standard,2024
UserCsv166,PswdCsv+AF8-166,admin,Standard,2024
UserCsv167,PswdCsv+AF8-167,admin,Standard,2024
UserCsv168,PswdCsv+AF8-168,admin,Standard,2024
UserCsv169,PswdCsv+AF8-169,admin,Standard,2024
UserCsv170,PswdCsv+AF8-170,admin,Standard,2024
UserCsv171,PswdCsv+AF8-171,admin,Standard,2024
UserCsv172,PswdCsv+AF8-172,admin,Standard,2024
UserCsv173,PswdCsv+AF8-173,admin,Standard,2024
UserCsv174,PswdCsv+AF8-174,admin,Standard,2024
UserCsv175,PswdCsv+AF8-175,admin,Standard,2024
UserCsv176,PswdCsv+AF8-176,admin,Standard,2024
UserCsv177,PswdCsv+AF8-177,admin,Standard,2024
UserCsv178,PswdCsv+AF8-178,admin,Standard,2024
UserCsv179,PswdCsv+AF8-179,admin,Standard,2024
UserCsv180,PswdCsv+AF8-180,admin,Standard,2024
UserCsv181,PswdCsv+AF8-181,admin,Standard,2024
UserCsv182,PswdCsv+AF8-182,admin,Standard,2024
UserCsv183,PswdCsv+AF8-183,admin,Standard,2024
UserCsv184,PswdCsv+AF8-184,admin,Standard,2024
UserCsv185,PswdCsv+AF8-185,admin,Standard,2024
UserCsv186,PswdCsv+AF8-186,admin,Standard,2024
UserCsv187,PswdCsv+AF8-187,admin,Standard,2024
UserCsv188,PswdCsv+AF8-188,admin,Standard,2024
UserCsv189,PswdCsv+AF8-189,admin,Standard,2024
UserCsv190,PswdCsv+AF8-190,admin,Standard,2024
UserCsv191,PswdCsv+AF8-191,admin,Standard,2024
UserCsv192,PswdCsv+AF8-192,admin,Standard,2024
UserCsv193,PswdCsv+AF8-193,admin,Standard,2024
UserCsv194,PswdCsv+AF8-194,admin,Standard,2024
UserCsv195,PswdCsv+AF8-195,admin,Standard,2024
UserCsv196,PswdCsv+AF8-196,admin,Standard,2024
UserCsv197,PswdCsv+AF8-197,admin,Standard,2024
UserCsv198,PswdCsv+AF8-198,admin,Standard,2024
UserCsv199,PswdCsv+AF8-199,admin,Standard,2024
UserCsv200,PswdCsv+AF8-200,admin,Standard,2024
UserCsv201,PswdCsv+AF8-201,admin,Standard,2024
UserCsv202,PswdCsv+AF8-202,admin,Standard,2024
UserCsv203,PswdCsv+AF8-203,admin,Standard,2024
UserCsv204,PswdCsv+AF8-204,admin,Standard,2024
UserCsv205,PswdCsv+AF8-205,admin,Standard,2024
UserCsv206,PswdCsv+AF8-206,admin,Standard,2024
UserCsv207,PswdCsv+AF8-207,admin,Standard,2024
UserCsv208,PswdCsv+AF8-208,admin,Standard,2024
UserCsv209,PswdCsv+AF8-209,admin,Standard,2024
UserCsv210,PswdCsv+AF8-210,admin,Standard,2024
UserCsv211,PswdCsv+AF8-211,admin,Standard,2024
UserCsv212,PswdCsv+AF8-212,admin,Standard,2024
UserCsv213,PswdCsv+AF8-213,admin,Standard,2024
UserCsv214,PswdCsv+AF8-214,admin,Standard,2024
UserCsv215,PswdCsv+AF8-215,admin,Standard,2024
UserCsv216,PswdCsv+AF8-216,admin,Standard,2024
UserCsv217,PswdCsv+AF8-217,admin,Standard,2024
UserCsv218,PswdCsv+AF8-218,admin,Standard,2024
UserCsv219,PswdCsv+AF8-219,admin,Standard,2024
UserCsv220,PswdCsv+AF8-220,admin,Standard,2024
UserCsv221,PswdCsv+AF8-221,admin,Standard,2024
UserCsv222,PswdCsv+AF8-222,admin,Standard,2024
UserCsv223,PswdCsv+AF8-223,admin,Standard,2024
UserCsv224,PswdCsv+AF8-224,admin,Standard,2024
UserCsv225,PswdCsv+AF8-225,admin,Standard,2024
UserCsv226,PswdCsv+AF8-226,admin,Standard,2024
UserCsv227,PswdCsv+AF8-227,admin,Standard,2024
UserCsv228,PswdCsv+AF8-228,admin,Standard,2024
UserCsv229,PswdCsv+AF8-229,admin,Standard,2024
UserCsv230,PswdCsv+AF8-230,admin,Standard,2024
UserCsv231,PswdCsv+AF8-231,admin,Standard,2024
UserCsv232,PswdCsv+AF8-232,admin,Standard,2024
UserCsv233,PswdCsv+AF8-233,admin,Standard,2024
UserCsv234,PswdCsv+AF8-234,admin,Standard,2024
UserCsv235,PswdCsv+AF8-235,admin,Standard,2024
UserCsv236,PswdCsv+AF8-236,admin,Standard,2024
UserCsv237,PswdCsv+AF8-237,admin,Standard,2024
UserCsv238,PswdCsv+AF8-238,admin,Standard,2024
UserCsv239,PswdCsv+AF8-239,admin,Standard,2024
UserCsv240,PswdCsv+AF8-240,admin,Standard,2024
UserCsv241,PswdCsv+AF8-241,admin,Standard,2024
UserCsv242,PswdCsv+AF8-242,admin,Standard,2024
UserCsv243,PswdCsv+AF8-243,admin,Standard,2024
UserCsv244,PswdCsv+AF8-244,admin,Standard,2024
UserCsv245,PswdCsv+AF8-245,admin,Standard,2024
UserCsv246,PswdCsv+AF8-246,admin,Standard,2024
UserCsv247,PswdCsv+AF8-247,admin,Standard,2024
UserCsv248,PswdCsv+AF8-248,admin,Standard,2024
UserCsv249,PswdCsv+AF8-249,admin,Standard,2024
UserCsv250,PswdCsv+AF8-250,admin,Standard,2024
UserCsv251,PswdCsv+AF8-251,admin,Standard,2024
UserCsv252,PswdCsv+AF8-252,admin,Standard,2024
UserCsv253,PswdCsv+AF8-253,admin,Standard,2024
UserCsv254,PswdCsv+AF8-254,admin,Standard,2024
UserCsv255,PswdCsv+AF8-255,admin,Standard,2024
UserCsv256,PswdCsv+AF8-256,admin,Standard,2024
UserCsv257,PswdCsv+AF8-257,admin,Standard,2024
UserCsv258,PswdCsv+AF8-258,admin,Standard,2024
UserCsv259,PswdCsv+AF8-259,admin,Standard,2024
UserCsv260,PswdCsv+AF8-260,admin,Standard,2024
UserCsv261,PswdCsv+AF8-261,admin,Standard,2024
UserCsv262,PswdCsv+AF8-262,admin,Standard,2024
UserCsv263,PswdCsv+AF8-263,admin,Standard,2024
UserCsv264,PswdCsv+AF8-264,admin,Standard,2024
UserCsv265,PswdCsv+AF8-265,admin,Standard,2024
UserCsv266,PswdCsv+AF8-266,admin,Standard,2024
UserCsv267,PswdCsv+AF8-267,admin,Standard,2024
UserCsv268,PswdCsv+AF8-268,admin,Standard,2024
UserCsv269,PswdCsv+AF8-269,admin,Standard,2024
UserCsv270,PswdCsv+AF8-270,admin,Standard,2024
UserCsv271,PswdCsv+AF8-271,admin,Standard,2024
UserCsv272,PswdCsv+AF8-272,admin,Standard,2024
UserCsv273,PswdCsv+AF8-273,admin,Standard,2024
UserCsv274,PswdCsv+AF8-274,admin,Standard,2024
UserCsv275,PswdCsv+AF8-275,admin,Standard,2024
UserCsv276,PswdCsv+AF8-276,admin,Standard,2024
UserCsv277,PswdCsv+AF8-277,admin,Standard,2024
UserCsv278,PswdCsv+AF8-278,admin,Standard,2024
UserCsv279,PswdCsv+AF8-279,admin,Standard,2024
UserCsv280,PswdCsv+AF8-280,admin,Standard,2024
UserCsv281,PswdCsv+AF8-281,admin,Standard,2024
UserCsv282,PswdCsv+AF8-282,admin,Standard,2024
UserCsv283,PswdCsv+AF8-283,admin,Standard,2024
UserCsv284,PswdCsv+AF8-284,admin,Standard,2024
UserCsv285,PswdCsv+AF8-285,admin,Standard,2024
UserCsv286,PswdCsv+AF8-286,admin,Standard,2024
UserCsv287,PswdCsv+AF8-287,admin,Standard,2024
UserCsv288,PswdCsv+AF8-288,admin,Standard,2024
UserCsv289,PswdCsv+AF8-289,admin,Standard,2024
UserCsv290,PswdCsv+AF8-290,admin,Standard,2024
UserCsv291,PswdCsv+AF8-291,admin,Standard,2024
UserCsv292,PswdCsv+AF8-292,admin,Standard,2024
UserCsv293,PswdCsv+AF8-293,admin,Standard,2024
UserCsv294,PswdCsv+AF8-294,admin,Standard,2024
UserCsv295,PswdCsv+AF8-295,admin,Standard,2024
UserCsv296,PswdCsv+AF8-296,admin,Standard,2024
UserCsv297,PswdCsv+AF8-297,admin,Standard,2024
UserCsv298,PswdCsv+AF8-298,admin,Standard,2024
UserCsv299,PswdCsv+AF8-299,admin,Standard,2024
UserCsv300,PswdCsv+AF8-300,admin,Standard,2024
UserCsv301,PswdCsv+AF8-301,admin,Standard,2024
UserCsv302,PswdCsv+AF8-302,admin,Standard,2024
UserCsv303,PswdCsv+AF8-303,admin,Standard,2024
UserCsv304,PswdCsv+AF8-304,admin,Standard,2024
UserCsv305,PswdCsv+AF8-305,admin,Standard,2024
UserCsv306,PswdCsv+AF8-306,admin,Standard,2024
UserCsv307,PswdCsv+AF8-307,admin,Standard,2024
UserCsv308,PswdCsv+AF8-308,admin,Standard,2024
UserCsv309,PswdCsv+AF8-309,admin,Standard,2024
UserCsv310,PswdCsv+AF8-310,admin,Standard,2024
UserCsv311,PswdCsv+AF8-311,admin,Standard,2024
UserCsv312,PswdCsv+AF8-312,admin,Standard,2024
UserCsv313,PswdCsv+AF8-313,admin,Standard,2024
UserCsv314,PswdCsv+AF8-314,admin,Standard,2024
UserCsv315,PswdCsv+AF8-315,admin,Standard,2024
UserCsv316,PswdCsv+AF8-316,admin,Standard,2024
UserCsv317,PswdCsv+AF8-317,admin,Standard,2024
UserCsv318,PswdCsv+AF8-318,admin,Standard,2024
UserCsv319,PswdCsv+AF8-319,admin,Standard,2024
UserCsv320,PswdCsv+AF8-320,admin,Standard,2024
UserCsv321,PswdCsv+AF8-321,admin,Standard,2024
UserCsv322,PswdCsv+AF8-322,admin,Standard,2024
UserCsv323,PswdCsv+AF8-323,admin,Standard,2024
UserCsv324,PswdCsv+AF8-324,admin,Standard,2024
UserCsv325,PswdCsv+AF8-325,admin,Standard,2024
UserCsv326,PswdCsv+AF8-326,admin,Standard,2024
UserCsv327,PswdCsv+AF8-327,admin,Standard,2024
UserCsv328,PswdCsv+AF8-328,admin,Standard,2024
UserCsv329,PswdCsv+AF8-329,admin,Standard,2024
UserCsv330,PswdCsv+AF8-330,admin,Standard,2024
UserCsv331,PswdCsv+AF8-331,admin,Standard,2024
UserCsv332,PswdCsv+AF8-332,admin,Standard,2024
UserCsv333,PswdCsv+AF8-333,admin,Standard,2024
UserCsv334,PswdCsv+AF8-334,admin,Standard,2024
UserCsv335,PswdCsv+AF8-335,admin,Standard,2024
UserCsv336,PswdCsv+AF8-336,admin,Standard,2024
UserCsv337,PswdCsv+AF8-337,admin,Standard,2024
UserCsv338,PswdCsv+AF8-338,admin,Standard,2024
UserCsv339,PswdCsv+AF8-339,admin,Standard,2024
UserCsv340,PswdCsv+AF8-340,admin,Standard,2024
UserCsv341,PswdCsv+AF8-341,admin,Standard,2024
UserCsv342,PswdCsv+AF8-342,admin,Standard,2024
UserCsv343,PswdCsv+AF8-343,admin,Standard,2024
UserCsv344,PswdCsv+AF8-344,admin,Standard,2024
UserCsv345,PswdCsv+AF8-345,admin,Standard,2024
UserCsv346,PswdCsv+AF8-346,admin,Standard,2024
UserCsv347,PswdCsv+AF8-347,admin,Standard,2024
UserCsv348,PswdCsv+AF8-348,admin,Standard,2024
UserCsv349,PswdCsv+AF8-349,admin,Standard,2024
UserCsv350,PswdCsv+AF8-350,admin,Standard,2024
UserCsv351,PswdCsv+AF8-351,admin,Standard,2024
UserCsv352,PswdCsv+AF8-352,admin,Standard,2024
UserCsv353,PswdCsv+AF8-353,admin,Standard,2024
UserCsv354,PswdCsv+AF8-354,admin,Standard,2024
UserCsv355,PswdCsv+AF8-355,admin,Standard,2024
UserCsv356,PswdCsv+AF8-356,admin,Standard,2024
UserCsv357,PswdCsv+AF8-357,admin,Standard,2024
UserCsv358,PswdCsv+AF8-358,admin,Standard,2024
UserCsv359,PswdCsv+AF8-359,admin,Standard,2024
UserCsv360,PswdCsv+AF8-360,admin,Standard,2024
UserCsv361,PswdCsv+AF8-361,admin,Standard,2024
UserCsv362,PswdCsv+AF8-362,admin,Standard,2024
UserCsv363,PswdCsv+AF8-363,admin,Standard,2024
UserCsv364,PswdCsv+AF8-364,admin,Standard,2024
UserCsv365,PswdCsv+AF8-365,admin,Standard,2024
UserCsv366,PswdCsv+AF8-366,admin,Standard,2024
UserCsv367,PswdCsv+AF8-367,admin,Standard,2024
UserCsv368,PswdCsv+AF8-368,admin,Standard,2024
UserCsv369,PswdCsv+AF8-369,admin,Standard,2024
UserCsv370,PswdCsv+AF8-370,admin,Standard,2024
UserCsv371,PswdCsv+AF8-371,admin,Standard,2024
UserCsv372,PswdCsv+AF8-372,admin,Standard,2024
UserCsv373,PswdCsv+AF8-373,admin,Standard,2024
UserCsv374,PswdCsv+AF8-374,admin,Standard,2024
UserCsv375,PswdCsv+AF8-375,admin,Standard,2024
UserCsv376,PswdCsv+AF8-376,admin,Standard,2024
UserCsv377,PswdCsv+AF8-377,admin,Standard,2024
UserCsv378,PswdCsv+AF8-378,admin,Standard,2024
UserCsv379,PswdCsv+AF8-379,admin,Standard,2024
UserCsv380,PswdCsv+AF8-380,admin,Standard,2024
UserCsv381,PswdCsv+AF8-381,admin,Standard,2024
UserCsv382,PswdCsv+AF8-382,admin,Standard,2024
UserCsv383,PswdCsv+AF8-383,admin,Standard,2024
UserCsv384,PswdCsv+AF8-384,admin,Standard,2024
UserCsv385,PswdCsv+AF8-385,admin,Standard,2024
UserCsv386,PswdCsv+AF8-386,admin,Standard,2024
UserCsv387,PswdCsv+AF8-387,admin,Standard,2024
UserCsv388,PswdCsv+AF8-388,admin,Standard,2024
UserCsv389,PswdCsv+AF8-389,admin,Standard,2024
UserCsv390,PswdCsv+AF8-390,admin,Standard,2024
UserCsv391,PswdCsv+AF8-391,admin,Standard,2024
UserCsv392,PswdCsv+AF8-392,admin,Standard,2024
UserCsv393,PswdCsv+AF8-393,admin,Standard,2024
UserCsv394,PswdCsv+AF8-394,admin,Standard,2024
UserCsv395,PswdCsv+AF8-395,admin,Standard,2024
UserCsv396,PswdCsv+AF8-396,admin,Standard,2024
UserCsv397,PswdCsv+AF8-397,admin,Standard,2024
UserCsv398,PswdCsv+AF8-398,admin,Standard,2024
UserCsv399,PswdCsv+AF8-399,admin,Standard,2024
UserCsv400,PswdCsv+AF8-400,admin,Standard,2024
UserCsv401,PswdCsv+AF8-401,admin,Standard,2024
UserCsv402,PswdCsv+AF8-402,admin,Standard,2024
UserCsv403,PswdCsv+AF8-403,admin,Standard,2024
UserCsv404,PswdCsv+AF8-404,admin,Standard,2024
UserCsv405,PswdCsv+AF8-405,admin,Standard,2024
UserCsv406,PswdCsv+AF8-406,admin,Standard,2024
UserCsv407,PswdCsv+AF8-407,admin,Standard,2024
UserCsv408,PswdCsv+AF8-408,admin,Standard,2024
UserCsv409,PswdCsv+AF8-409,admin,Standard,2024
UserCsv410,PswdCsv+AF8-410,admin,Standard,2024
UserCsv411,PswdCsv+AF8-411,admin,Standard,2024
UserCsv412,PswdCsv+AF8-412,admin,Standard,2024
UserCsv413,PswdCsv+AF8-413,admin,Standard,2024
UserCsv414,PswdCsv+AF8-414,admin,Standard,2024
UserCsv415,PswdCsv+AF8-415,admin,Standard,2024
UserCsv416,PswdCsv+AF8-416,admin,Standard,2024
UserCsv417,PswdCsv+AF8-417,admin,Standard,2024
UserCsv418,PswdCsv+AF8-418,admin,Standard,2024
UserCsv419,PswdCsv+AF8-419,admin,Standard,2024
UserCsv420,PswdCsv+AF8-420,admin,Standard,2024
UserCsv421,PswdCsv+AF8-421,admin,Standard,2024
UserCsv422,PswdCsv+AF8-422,admin,Standard,2024
UserCsv423,PswdCsv+AF8-423,admin,Standard,2024
UserCsv424,PswdCsv+AF8-424,admin,Standard,2024
UserCsv425,PswdCsv+AF8-425,admin,Standard,2024
UserCsv426,PswdCsv+AF8-426,admin,Standard,2024
UserCsv427,PswdCsv+AF8-427,admin,Standard,2024
UserCsv428,PswdCsv+AF8-428,admin,Standard,2024
UserCsv429,PswdCsv+AF8-429,admin,Standard,2024
UserCsv430,PswdCsv+AF8-430,admin,Standard,2024
UserCsv431,PswdCsv+AF8-431,admin,Standard,2024
UserCsv432,PswdCsv+AF8-432,admin,Standard,2024
UserCsv433,PswdCsv+AF8-433,admin,Standard,2024
UserCsv434,PswdCsv+AF8-434,admin,Standard,2024
UserCsv435,PswdCsv+AF8-435,admin,Standard,2024
UserCsv436,PswdCsv+AF8-436,admin,Standard,2024
UserCsv437,PswdCsv+AF8-437,admin,Standard,2024
UserCsv438,PswdCsv+AF8-438,admin,Standard,2024
UserCsv439,PswdCsv+AF8-439,admin,Standard,2024
UserCsv440,PswdCsv+AF8-440,admin,Standard,2024
UserCsv441,PswdCsv+AF8-441,admin,Standard,2024
UserCsv442,PswdCsv+AF8-442,admin,Standard,2024
UserCsv443,PswdCsv+AF8-443,admin,Standard,2024
UserCsv444,PswdCsv+AF8-444,admin,Standard,2024
UserCsv445,PswdCsv+AF8-445,admin,Standard,2024
UserCsv446,PswdCsv+AF8-446,admin,Standard,2024
UserCsv447,PswdCsv+AF8-447,admin,Standard,2024
UserCsv448,PswdCsv+AF8-448,admin,Standard,2024
UserCsv449,PswdCsv+AF8-449,admin,Standard,2024
UserCsv450,PswdCsv+AF8-450,admin,Standard,2024
UserCsv451,PswdCsv+AF8-451,admin,Standard,2024
UserCsv452,PswdCsv+AF8-452,admin,Standard,2024
UserCsv453,PswdCsv+AF8-453,admin,Standard,2024
UserCsv454,PswdCsv+AF8-454,admin,Standard,2024
UserCsv455,PswdCsv+AF8-455,admin,Standard,2024
UserCsv456,PswdCsv+AF8-456,admin,Standard,2024
UserCsv457,PswdCsv+AF8-457,admin,Standard,2024
UserCsv458,PswdCsv+AF8-458,admin,Standard,2024
UserCsv459,PswdCsv+AF8-459,admin,Standard,2024
UserCsv460,PswdCsv+AF8-460,admin,Standard,2024
UserCsv461,PswdCsv+AF8-461,admin,Standard,2024
UserCsv462,PswdCsv+AF8-462,admin,Standard,2024
UserCsv463,PswdCsv+AF8-463,admin,Standard,2024
UserCsv464,PswdCsv+AF8-464,admin,Standard,2024
UserCsv465,PswdCsv+AF8-465,admin,Standard,2024
UserCsv466,PswdCsv+AF8-466,admin,Standard,2024
UserCsv467,PswdCsv+AF8-467,admin,Standard,2024
UserCsv468,PswdCsv+AF8-468,admin,Standard,2024
UserCsv469,PswdCsv+AF8-469,admin,Standard,2024
UserCsv470,PswdCsv+AF8-470,admin,Standard,2024
UserCsv471,PswdCsv+AF8-471,admin,Standard,2024
UserCsv472,PswdCsv+AF8-472,admin,Standard,2024
UserCsv473,PswdCsv+AF8-473,admin,Standard,2024
UserCsv474,PswdCsv+AF8-474,admin,Standard,2024
UserCsv475,PswdCsv+AF8-475,admin,Standard,2024
UserCsv476,PswdCsv+AF8-476,admin,Standard,2024
UserCsv477,PswdCsv+AF8-477,admin,Standard,2024
UserCsv478,PswdCsv+AF8-478,admin,Standard,2024
UserCsv479,PswdCsv+AF8-479,admin,Standard,2024
UserCsv480,PswdCsv+AF8-480,admin,Standard,2024
UserCsv481,PswdCsv+AF8-481,admin,Standard,2024
UserCsv482,PswdCsv+AF8-482,admin,Standard,2024
UserCsv483,PswdCsv+AF8-483,admin,Standard,2024
UserCsv484,PswdCsv+AF8-484,admin,Standard,2024
UserCsv485,PswdCsv+AF8-485,admin,Standard,2024
UserCsv486,PswdCsv+AF8-486,admin,Standard,2024
UserCsv487,PswdCsv+AF8-487,admin,Standard,2024
UserCsv488,PswdCsv+AF8-488,admin,Standard,2024
UserCsv489,PswdCsv+AF8-489,admin,Standard,2024
UserCsv490,PswdCsv+AF8-490,admin,Standard,2024
UserCsv491,PswdCsv+AF8-491,admin,Standard,2024
UserCsv492,PswdCsv+AF8-492,admin,Standard,2024
UserCsv493,PswdCsv+AF8-493,admin,Standard,2024
UserCsv494,PswdCsv+AF8-494,admin,Standard,2024
UserCsv495,PswdCsv+AF8-495,admin,Standard,2024
UserCsv496,PswdCsv+AF8-496,admin,Standard,2024
UserCsv497,PswdCsv+AF8-497,admin,Standard,2024
UserCsv498,PswdCsv+AF8-498,admin,Standard,2024
UserCsv499,PswdCsv+AF8-499,admin,Standard,2024
UserCsv500,PswdCsv+AF8-500,admin,Standard,2024
UserCsv501,PswdCsv+AF8-501,admin,Standard,2024
UserCsv502,PswdCsv+AF8-502,admin,Standard,2024
UserCsv503,PswdCsv+AF8-503,admin,Standard,2024
UserCsv504,PswdCsv+AF8-504,admin,Standard,2024
UserCsv505,PswdCsv+AF8-505,admin,Standard,2024
UserCsv506,PswdCsv+AF8-506,admin,Standard,2024
UserCsv507,PswdCsv+AF8-507,admin,Standard,2024
UserCsv508,PswdCsv+AF8-508,admin,Standard,2024
UserCsv509,PswdCsv+AF8-509,admin,Standard,2024
UserCsv510,PswdCsv+AF8-510,admin,Standard,2024
UserCsv511,PswdCsv+AF8-511,admin,Standard,2024
UserCsv512,PswdCsv+AF8-512,admin,Standard,2024
UserCsv513,PswdCsv+AF8-513,admin,Standard,2024
UserCsv514,PswdCsv+AF8-514,admin,Standard,2024
UserCsv515,PswdCsv+AF8-515,admin,Standard,2024
UserCsv516,PswdCsv+AF8-516,admin,Standard,2024
UserCsv517,PswdCsv+AF8-517,admin,Standard,2024
UserCsv518,PswdCsv+AF8-518,admin,Standard,2024
UserCsv519,PswdCsv+AF8-519,admin,Standard,2024
UserCsv520,PswdCsv+AF8-520,admin,Standard,2024
UserCsv521,PswdCsv+AF8-521,admin,Standard,2024
UserCsv522,PswdCsv+AF8-522,admin,Standard,2024
UserCsv523,PswdCsv+AF8-523,admin,Standard,2024
UserCsv524,PswdCsv+AF8-524,admin,Standard,2024
UserCsv525,PswdCsv+AF8-525,admin,Standard,2024
UserCsv526,PswdCsv+AF8-526,admin,Standard,2024
UserCsv527,PswdCsv+AF8-527,admin,Standard,2024
UserCsv528,PswdCsv+AF8-528,admin,Standard,2024
UserCsv529,PswdCsv+AF8-529,admin,Standard,2024
UserCsv530,PswdCsv+AF8-530,admin,Standard,2024
UserCsv531,PswdCsv+AF8-531,admin,Standard,2024
UserCsv532,PswdCsv+AF8-532,admin,Standard,2024
UserCsv533,PswdCsv+AF8-533,admin,Standard,2024
UserCsv534,PswdCsv+AF8-534,admin,Standard,2024
UserCsv535,PswdCsv+AF8-535,admin,Standard,2024
UserCsv536,PswdCsv+AF8-536,admin,Standard,2024
UserCsv537,PswdCsv+AF8-537,admin,Standard,2024
UserCsv538,PswdCsv+AF8-538,admin,Standard,2024
UserCsv539,PswdCsv+AF8-539,admin,Standard,2024
UserCsv540,PswdCsv+AF8-540,admin,Standard,2024
UserCsv541,PswdCsv+AF8-541,admin,Standard,2024
UserCsv542,PswdCsv+AF8-542,admin,Standard,2024
UserCsv543,PswdCsv+AF8-543,admin,Standard,2024
UserCsv544,PswdCsv+AF8-544,admin,Standard,2024
UserCsv545,PswdCsv+AF8-545,admin,Standard,2024
UserCsv546,PswdCsv+AF8-546,admin,Standard,2024
UserCsv547,PswdCsv+AF8-547,admin,Standard,2024
UserCsv548,PswdCsv+AF8-548,admin,Standard,2024
UserCsv549,PswdCsv+AF8-549,admin,Standard,2024
UserCsv550,PswdCsv+AF8-550,admin,Standard,2024
UserCsv551,PswdCsv+AF8-551,admin,Standard,2024
UserCsv552,PswdCsv+AF8-552,admin,Standard,2024
UserCsv553,PswdCsv+AF8-553,admin,Standard,2024
UserCsv554,PswdCsv+AF8-554,admin,Standard,2024
UserCsv555,PswdCsv+AF8-555,admin,Standard,2024
UserCsv556,PswdCsv+AF8-556,admin,Standard,2024
UserCsv557,PswdCsv+AF8-557,admin,Standard,2024
UserCsv558,PswdCsv+AF8-558,admin,Standard,2024
UserCsv559,PswdCsv+AF8-559,admin,Standard,2024
UserCsv560,PswdCsv+AF8-560,admin,Standard,2024
UserCsv561,PswdCsv+AF8-561,admin,Standard,2024
UserCsv562,PswdCsv+AF8-562,admin,Standard,2024
UserCsv563,PswdCsv+AF8-563,admin,Standard,2024
UserCsv564,PswdCsv+AF8-564,admin,Standard,2024
UserCsv565,PswdCsv+AF8-565,admin,Standard,2024
UserCsv566,PswdCsv+AF8-566,admin,Standard,2024
UserCsv567,PswdCsv+AF8-567,admin,Standard,2024
UserCsv568,PswdCsv+AF8-568,admin,Standard,2024
UserCsv569,PswdCsv+AF8-569,admin,Standard,2024
UserCsv570,PswdCsv+AF8-570,admin,Standard,2024
UserCsv571,PswdCsv+AF8-571,admin,Standard,2024
UserCsv572,PswdCsv+AF8-572,admin,Standard,2024
UserCsv573,PswdCsv+AF8-573,admin,Standard,2024
UserCsv574,PswdCsv+AF8-574,admin,Standard,2024
UserCsv575,PswdCsv+AF8-575,admin,Standard,2024
UserCsv576,PswdCsv+AF8-576,admin,Standard,2024
UserCsv577,PswdCsv+AF8-577,admin,Standard,2024
UserCsv578,PswdCsv+AF8-578,admin,Standard,2024
UserCsv579,PswdCsv+AF8-579,admin,Standard,2024
UserCsv580,PswdCsv+AF8-580,admin,Standard,2024
UserCsv581,PswdCsv+AF8-581,admin,Standard,2024
UserCsv582,PswdCsv+AF8-582,admin,Standard,2024
UserCsv583,PswdCsv+AF8-583,admin,Standard,2024
UserCsv584,PswdCsv+AF8-584,admin,Standard,2024
UserCsv585,PswdCsv+AF8-585,admin,Standard,2024
UserCsv586,PswdCsv+AF8-586,admin,Standard,2024
UserCsv587,PswdCsv+AF8-587,admin,Standard,2024
UserCsv588,PswdCsv+AF8-588,admin,Standard,2024
UserCsv589,PswdCsv+AF8-589,admin,Standard,2024
UserCsv590,PswdCsv+AF8-590,admin,Standard,2024
UserCsv591,PswdCsv+AF8-591,admin,Standard,2024
UserCsv592,PswdCsv+AF8-592,admin,Standard,2024
UserCsv593,PswdCsv+AF8-593,admin,Standard,2024
UserCsv594,PswdCsv+AF8-594,admin,Standard,2024
UserCsv595,PswdCsv+AF8-595,admin,Standard,2024
UserCsv596,PswdCsv+AF8-596,admin,Standard,2024
UserCsv597,PswdCsv+AF8-597,admin,Standard,2024
UserCsv598,PswdCsv+AF8-598,admin,Standard,2024
UserCsv599,PswdCsv+AF8-599,admin,Standard,2024
UserCsv600,PswdCsv+AF8-600,admin,Standard,2024
UserCsv601,PswdCsv+AF8-601,admin,Standard,2024
UserCsv602,PswdCsv+AF8-602,admin,Standard,2024
UserCsv603,PswdCsv+AF8-603,admin,Standard,2024
UserCsv604,PswdCsv+AF8-604,admin,Standard,2024
UserCsv605,PswdCsv+AF8-605,admin,Standard,2024
UserCsv606,PswdCsv+AF8-606,admin,Standard,2024
UserCsv607,PswdCsv+AF8-607,admin,Standard,2024
UserCsv608,PswdCsv+AF8-608,admin,Standard,2024
UserCsv609,PswdCsv+AF8-609,admin,Standard,2024
UserCsv610,PswdCsv+AF8-610,admin,Standard,2024
UserCsv611,PswdCsv+AF8-611,admin,Standard,2024
UserCsv612,PswdCsv+AF8-612,admin,Standard,2024
UserCsv613,PswdCsv+AF8-613,admin,Standard,2024
UserCsv614,PswdCsv+AF8-614,admin,Standard,2024
UserCsv615,PswdCsv+AF8-615,admin,Standard,2024
UserCsv616,PswdCsv+AF8-616,admin,Standard,2024
UserCsv617,PswdCsv+AF8-617,admin,Standard,2024
UserCsv618,PswdCsv+AF8-618,admin,Standard,2024
UserCsv619,PswdCsv+AF8-619,admin,Standard,2024
UserCsv620,PswdCsv+AF8-620,admin,Standard,2024
UserCsv621,PswdCsv+AF8-621,admin,Standard,2024
UserCsv622,PswdCsv+AF8-622,admin,Standard,2024
UserCsv623,PswdCsv+AF8-623,admin,Standard,2024
UserCsv624,PswdCsv+AF8-624,admin,Standard,2024
UserCsv625,PswdCsv+AF8-625,admin,Standard,2024
UserCsv626,PswdCsv+AF8-626,admin,Standard,2024
UserCsv627,PswdCsv+AF8-627,admin,Standard,2024
UserCsv628,PswdCsv+AF8-628,admin,Standard,2024
UserCsv629,PswdCsv+AF8-629,admin,Standard,2024
UserCsv630,PswdCsv+AF8-630,admin,Standard,2024
UserCsv631,PswdCsv+AF8-631,admin,Standard,2024
UserCsv632,PswdCsv+AF8-632,admin,Standard,2024
UserCsv633,PswdCsv+AF8-633,admin,Standard,2024
UserCsv634,PswdCsv+AF8-634,admin,Standard,2024
UserCsv635,PswdCsv+AF8-635,admin,Standard,2024
UserCsv636,PswdCsv+AF8-636,admin,Standard,2024
UserCsv637,PswdCsv+AF8-637,admin,Standard,2024
UserCsv638,PswdCsv+AF8-638,admin,Standard,2024
UserCsv639,PswdCsv+AF8-639,admin,Standard,2024
UserCsv640,PswdCsv+AF8-640,admin,Standard,2024
UserCsv641,PswdCsv+AF8-641,admin,Standard,2024
UserCsv642,PswdCsv+AF8-642,admin,Standard,2024
UserCsv643,PswdCsv+AF8-643,admin,Standard,2024
UserCsv644,PswdCsv+AF8-644,admin,Standard,2024
UserCsv645,PswdCsv+AF8-645,admin,Standard,2024
UserCsv646,PswdCsv+AF8-646,admin,Standard,2024
UserCsv647,PswdCsv+AF8-647,admin,Standard,2024
UserCsv648,PswdCsv+AF8-648,admin,Standard,2024
UserCsv649,PswdCsv+AF8-649,admin,Standard,2024
UserCsv650,PswdCsv+AF8-650,admin,Standard,2024
UserCsv651,PswdCsv+AF8-651,admin,Standard,2024
UserCsv652,PswdCsv+AF8-652,admin,Standard,2024
UserCsv653,PswdCsv+AF8-653,admin,Standard,2024
UserCsv654,PswdCsv+AF8-654,admin,Standard,2024
UserCsv655,PswdCsv+AF8-655,admin,Standard,2024
UserCsv656,PswdCsv+AF8-656,admin,Standard,2024
UserCsv657,PswdCsv+AF8-657,admin,Standard,2024
UserCsv658,PswdCsv+AF8-658,admin,Standard,2024
UserCsv659,PswdCsv+AF8-659,admin,Standard,2024
UserCsv660,PswdCsv+AF8-660,admin,Standard,2024
UserCsv661,PswdCsv+AF8-661,admin,Standard,2024
UserCsv662,PswdCsv+AF8-662,admin,Standard,2024
UserCsv663,PswdCsv+AF8-663,admin,Standard,2024
UserCsv664,PswdCsv+AF8-664,admin,Standard,2024
UserCsv665,PswdCsv+AF8-665,admin,Standard,2024
UserCsv666,PswdCsv+AF8-666,admin,Standard,2024
UserCsv667,PswdCsv+AF8-667,admin,Standard,2024
UserCsv668,PswdCsv+AF8-668,admin,Standard,2024
UserCsv669,PswdCsv+AF8-669,admin,Standard,2024
UserCsv670,PswdCsv+AF8-670,admin,Standard,2024
UserCsv671,PswdCsv+AF8-671,admin,Standard,2024
UserCsv672,PswdCsv+AF8-672,admin,Standard,2024
UserCsv673,PswdCsv+AF8-673,admin,Standard,2024
UserCsv674,PswdCsv+AF8-674,admin,Standard,2024
UserCsv675,PswdCsv+AF8-675,admin,Standard,2024
UserCsv676,PswdCsv+AF8-676,admin,Standard,2024
UserCsv677,PswdCsv+AF8-677,admin,Standard,2024
UserCsv678,PswdCsv+AF8-678,admin,Standard,2024
UserCsv679,PswdCsv+AF8-679,admin,Standard,2024
UserCsv680,PswdCsv+AF8-680,admin,Standard,2024
UserCsv681,PswdCsv+AF8-681,admin,Standard,2024
UserCsv682,PswdCsv+AF8-682,admin,Standard,2024
UserCsv683,PswdCsv+AF8-683,admin,Standard,2024
UserCsv684,PswdCsv+AF8-684,admin,Standard,2024
UserCsv685,PswdCsv+AF8-685,admin,Standard,2024
UserCsv686,PswdCsv+AF8-686,admin,Standard,2024
UserCsv687,PswdCsv+AF8-687,admin,Standard,2024
UserCsv688,PswdCsv+AF8-688,admin,Standard,2024
UserCsv689,PswdCsv+AF8-689,admin,Standard,2024
UserCsv690,PswdCsv+AF8-690,admin,Standard,2024
UserCsv691,PswdCsv+AF8-691,admin,Standard,2024
UserCsv692,PswdCsv+AF8-692,admin,Standard,2024
UserCsv693,PswdCsv+AF8-693,admin,Standard,2024
UserCsv694,PswdCsv+AF8-694,admin,Standard,2024
UserCsv695,PswdCsv+AF8-695,admin,Standard,2024
UserCsv696,PswdCsv+AF8-696,admin,Standard,2024
UserCsv697,PswdCsv+AF8-697,admin,Standard,2024
UserCsv698,PswdCsv+AF8-698,admin,Standard,2024
UserCsv699,PswdCsv+AF8-699,admin,Standard,2024
UserCsv700,PswdCsv+AF8-700,admin,Standard,2024
UserCsv701,PswdCsv+AF8-701,admin,Standard,2024
UserCsv702,PswdCsv+AF8-702,admin,Standard,2024
UserCsv703,PswdCsv+AF8-703,admin,Standard,2024
